{
  "train_losses": [
    0.29981570950020914,
    0.2067152430181918,
    0.1888324556791264,
    0.18669593188425768,
    0.18282710436893546,
    0.16113811844716902,
    0.16376815436650877,
    0.13390955782454947,
    0.12432478086860932,
    0.14688732167300972,
    0.08937896111899096,
    0.09139713217787769,
    0.1003614932541614,
    0.07853179699336381,
    0.06157390160850533,
    0.05688036460070061,
    0.0632943421015111,
    0.060518426787735814,
    0.07921835626273052,
    0.0480983207690651,
    0.0323914899389543,
    0.013197397045112903,
    0.024881775966723977,
    0.03648547934110114,
    0.025250652058394222,
    0.016103075664432254,
    0.010422952360544436,
    0.02179655032903057,
    0.004569531884677101,
    0.011393483429935219
  ],
  "val_losses": [
    0.1913664624094963,
    0.18078595399856567,
    0.21867192387580872,
    0.2542809769511223,
    0.1972758211195469,
    0.23962591588497162,
    0.22205633968114852,
    0.24892950654029847,
    0.3015168607234955,
    0.2335977613925934,
    0.39890567809343336,
    0.34560212790966033,
    0.26450356394052504,
    0.4075994104146957,
    0.37646534144878385,
    0.7507742889225483,
    0.33950273171067236,
    0.45410636216402056,
    0.3905070170760155,
    0.47907566614449026,
    0.5013559386134148,
    0.5523938417434693,
    0.65520431548357,
    0.4526478288695216,
    0.46250579729676244,
    0.6223714083433152,
    0.6126028086990118,
    0.4992226980626583,
    0.5843761682510376,
    0.6276136498898268
  ],
  "train_accs": [
    43.0939226519337,
    38.950276243093924,
    45.30386740331492,
    56.07734806629834,
    53.591160220994475,
    51.10497237569061,
    60.49723756906077,
    70.44198895027624,
    67.95580110497238,
    72.09944751381215,
    78.7292817679558,
    84.25414364640883,
    80.11049723756906,
    84.80662983425414,
    87.01657458563535,
    92.54143646408839,
    87.56906077348066,
    94.7513812154696,
    84.5303867403315,
    91.71270718232044,
    95.85635359116021,
    98.06629834254143,
    98.34254143646409,
    95.58011049723757,
    95.85635359116021,
    97.23756906077348,
    98.34254143646409,
    97.79005524861878,
    99.4475138121547,
    98.61878453038673
  ],
  "val_accs": [
    34.177215189873415,
    41.77215189873418,
    32.91139240506329,
    46.835443037974684,
    55.69620253164557,
    37.9746835443038,
    39.24050632911393,
    36.70886075949367,
    53.164556962025316,
    49.36708860759494,
    59.49367088607595,
    53.164556962025316,
    44.30379746835443,
    37.9746835443038,
    59.49367088607595,
    63.29113924050633,
    53.164556962025316,
    46.835443037974684,
    62.0253164556962,
    63.29113924050633,
    60.75949367088607,
    63.29113924050633,
    62.0253164556962,
    58.22784810126582,
    63.29113924050633,
    59.49367088607595,
    59.49367088607595,
    60.75949367088607,
    59.49367088607595,
    59.49367088607595
  ],
  "best_val_f1": 0.6380565696543724,
  "training_time": 225.95163464546204
}